id,user_id,email,conversation_id,message,message_type,created_at
4,4,kelly@example.com,10065,"Show dog box. Catch act over medical ahead executive. Notice model opportunity free drop some doctor man.
Team because short visit election. Choice social tonight paper change save any life.",open,1679498647
8,9,kelly@example.com,10065,"Show dog box. Catch act over medical ahead executive. Notice model opportunity free drop some doctor man.
Team because short visit election. Choice social tonight paper change save any life.",open,1679498647
46,4,john@example.com,10065,"Show dog box. Catch act over medical ahead executive. Notice model opportunity free drop some doctor man.
Team because short visit election. Choice social tonight paper change save any life.",comment,1679498651
77,9,john@example.com,10065,"Show dog box. Catch act over medical ahead executive. Notice model opportunity free drop some doctor man.
Team because short visit election. Choice social tonight paper change save any life.",comment,1679498651
47,4,deanna@example.com,10065,Everyone never government forget wall too. Morning off mean hope west usually. If dinner home stand specific company seven. Grow Democrat on talk dinner either.,assignment,1679498716
78,9,deanna@example.com,10065,Everyone never government forget wall too. Morning off mean hope west usually. If dinner home stand specific company seven. Grow Democrat on talk dinner either.,assignment,1679498716
48,4,kelly@example.com,10065,Audience present end field public. Resource car cell Mr remain until. Suffer lay her both here also couple.,comment,1679498908
79,9,kelly@example.com,10065,Audience present end field public. Resource car cell Mr remain until. Suffer lay her both here also couple.,comment,1679498908
49,4,deanna@example.com,10065,Operation hot condition however particularly pressure sometimes. Rock keep success nature sing. This resource turn drop. Safe size machine.,comment,1679499097
80,9,deanna@example.com,10065,Operation hot condition however particularly pressure sometimes. Rock keep success nature sing. This resource turn drop. Safe size machine.,comment,1679499097
50,4,kelly@example.com,10065,Suffer quickly officer trade service. Mission interest kitchen impact turn sure must. Brother threat avoid respond clearly just production.,comment,1679499376
81,9,kelly@example.com,10065,Suffer quickly officer trade service. Mission interest kitchen impact turn sure must. Brother threat avoid respond clearly just production.,comment,1679499376
51,4,deanna@example.com,10065,"Yard give enter black. Issue use group. Gun range we matter there.
Difficult respond decide help. Both do radio door onto morning.",close,1679499632
82,9,deanna@example.com,10065,"Yard give enter black. Issue use group. Gun range we matter there.
Difficult respond decide help. Both do radio door onto morning.",close,1679499632
52,4,john@example.com,10065,Election run myself pretty fill onto. Break employee end usually action.,comment,1679499644
83,9,john@example.com,10065,Election run myself pretty fill onto. Break employee end usually action.,comment,1679499644
53,4,john@example.com,10065,"Act information performance truth strong design.
Already type once upon special move all. Series crime ten poor relate century nation. Research skill door pattern dinner player answer.",conversation_rating_changed,1679499892
84,9,john@example.com,10065,"Act information performance truth strong design.
Already type once upon special move all. Series crime ten poor relate century nation. Research skill door pattern dinner player answer.",conversation_rating_changed,1679499892
7,7,anita@example.com,10106,Everyone never government forget wall too. Morning off mean hope west usually. If dinner home stand specific company seven. Grow Democrat on talk dinner either.,open,1679513798
66,7,john@example.com,10106,"Buy gun smile arm late. Although shoulder result page perform away look.
Traditional hotel if. Page fight more. Wrong clear big final. How affect expect apply.",comment,1679513811
67,7,john@example.com,10106,Organization society sometimes perhaps door. Mean current history commercial. Play major quickly despite.,comment,1679513812
68,7,john@example.com,10106,"Your bit deep response job himself. Business wrong city table find about.
Group look according. Assume check consider year include front. Side seek fear important article.",comment,1679513813
69,7,deanna@example.com,10106,Low determine travel ability. Professional stop quickly draw small beyond without. Must stuff score soon deep summer.,assignment,1679513853
70,7,anita@example.com,10106,"Mother point none break create country leader. Get into knowledge whatever property.
Media eat career nice nearly exactly. Only success source data.",comment,1679513925
71,7,deanna@example.com,10106,Throw guy glass piece single. Fish nature century explain great subject free cause. Yourself likely assume.,comment,1679514042
72,7,deanna@example.com,10106,"Think identify fire smile body I. It activity store would above true.
Young culture use president challenge. Yeah tree until society. Force state capital information still since believe leave.",comment,1679515414
73,7,deanna@example.com,10106,Degree listen everybody friend to effect. None relationship friend serve mean billion action. Answer exist tough movie wall.,close,1679515429
74,7,anita@example.com,10106,Along boy within other business. Money size hundred dark decision during. Cover agreement shoulder free charge.,open,1679517883
75,7,deanna@example.com,10106,"Land job past several. Son clearly risk clearly. Project reality reach heavy.
Democratic clearly budget. Send pressure education probably energy. Young direction employee claim capital bar coach.",close,1679518748
76,7,john@example.com,10106,"Base follow rather low follow half. Since meet performance.
Between magazine rise who move opportunity occur. Blood attention want discuss.",comment,1679518760
6,5,david@example.com,10222,Audience present end field public. Resource car cell Mr remain until. Suffer lay her both here also couple.,open,1679602052
57,5,john@example.com,10222,"Your fear whose top shoulder skill. Prevent purpose fine south. Local Democrat seven themselves.
Together brother various these fly share. Open about describe yard everything line those.",comment,1679602065
58,5,deanna@example.com,10222,"Current traditional small probably while this carry. Property may theory edge significant but particular itself.
Mouth ok never practice. Provide shoulder painting evening moment area other.",assignment,1679602123
59,5,deanna@example.com,10222,Prepare theory computer mind fill dream. White radio modern box lose keep gun foreign. Allow body positive long production. East one property recent majority thought.,comment,1679602187
60,5,deanna@example.com,10222,"Upon tax record research. Low according would population left we.
Scientist guy measure far live detail. Wish central administration arm woman perform fight. International everything within.",comment,1679602212
61,5,david@example.com,10222,"Middle leg name good firm plan the situation. Open away summer authority deal focus.
Nature win although do course season build nor. Control exactly once despite.",comment,1679602245
62,5,david@example.com,10222,"Do entire response ok.
Common check play head believe guy economy. Cut until enjoy place forward.
End debate network rock charge like wear. Area some down dinner of apply. General such main seek.",comment,1679602272
63,5,deanna@example.com,10222,"Art deep stock. View wait deep appear since whose much.
A first most little drop that bag.
State rest adult surface on. Board your all region. Marriage all company week sport.",comment,1679602335
64,5,deanna@example.com,10222,Cultural imagine effort. Without several important home home by. Give prevent young want lose picture itself. Keep many class enough require exist ask.,close,1679603057
65,5,john@example.com,10222,"Expect ten ever beat either picture finish. Mother nor but.
Sell him surface may ball dog race. Material movement building consumer.",comment,1679603069
5,4,kelly@example.com,10308,Operation hot condition however particularly pressure sometimes. Rock keep success nature sing. This resource turn drop. Safe size machine.,open,1679688990
9,9,kelly@example.com,10308,Operation hot condition however particularly pressure sometimes. Rock keep success nature sing. This resource turn drop. Safe size machine.,open,1679688990
54,4,john@example.com,10308,Sense machine weight lawyer. Yard kind paper throw person book. Never talk just evening need.,comment,1679688994
85,9,john@example.com,10308,Sense machine weight lawyer. Yard kind paper throw person book. Never talk just evening need.,comment,1679688994
55,4,kenneth@example.com,10308,Owner garden growth this indeed and. Available summer already support because soldier current. Agency same next change hotel.,note,1679689190
86,9,kenneth@example.com,10308,Owner garden growth this indeed and. Available summer already support because soldier current. Agency same next change hotel.,note,1679689190
56,4,kenneth@example.com,10308,"Physical reason hour would ready make against. Plan child worker do.
Visit member discuss. Real may though yard society.",close,1679690768
87,9,kenneth@example.com,10308,"Physical reason hour would ready make against. Plan child worker do.
Visit member discuss. Real may though yard society.",close,1679690768
11,11,karen@example.com,10342,Suffer quickly officer trade service. Mission interest kitchen impact turn sure must. Brother threat avoid respond clearly just production.,open,1679865951
100,11,john@example.com,10342,"Story yeah mission arrive. At six work class into.
Hope management weight check dark research should. Lay environment do dream produce. Billion bar scientist eight cell.",comment,1679865955
101,11,karen@example.com,10342,"Since these thousand popular partner. Certain simple once sign democratic.
Scene possible direction mind wonder quite interest. Song piece else piece certainly three between school.",comment,1679866007
102,11,karen@example.com,10342,"Up quite save check relationship note ahead. Concern pattern when far difficult they experience develop. Specific democratic land pay tax can.
Experience gun establish this fund reach prepare.",comment,1679866073
103,11,deanna@example.com,10342,Back up shoulder realize. Opportunity fly star hand agency. Page store win create line wall way style. Southern audience old various.,close,1679921791
2,2,raymond@example.com,10350,"Buy gun smile arm late. Although shoulder result page perform away look.
Traditional hotel if. Page fight more. Wrong clear big final. How affect expect apply.",open,1679875562
30,2,john@example.com,10350,"Arrive city middle. Amount summer best often course. Report economy range.
Else this new industry great thus. Positive second pressure bring.",comment,1679875565
31,2,deanna@example.com,10350,Them catch in reach lawyer computer law. Popular light recognize shoulder section even letter.,assignment,1679923272
32,2,deanna@example.com,10350,"Professor scientist inside issue whatever.
Lay wife ahead source. Entire husband despite happen. Institution attack more resource.
Society coach medical become conference forward such forget.",close,1679923273
33,2,john@example.com,10350,Win protect ok ground. Home animal ago since as conference break. Brother heavy soon eat wife.,comment,1679923285
104,0,deanna@example.com,10404,Organization society sometimes perhaps door. Mean current history commercial. Play major quickly despite.,open,1679941011
1,1,michael@example.com,100120,"Yard give enter black. Issue use group. Gun range we matter there.
Difficult respond decide help. Both do radio door onto morning.",open,1725885557
12,1,john@example.com,100120,Fear wrong idea itself. While why particular but police. Official conference chair agree.,comment,1725885558
13,1,john@example.com,100120,Consumer image ball serve land exist pressure. Education man return nice. Be image a research bill base three.,comment,1725885559
14,1,john@example.com,100120,"General break first section. Agree job term include like go.
Well note thousand resource campaign ground impact certain. Drop the avoid move.",comment,1725885560
15,1,john@example.com,100120,"Person scene that wide by election. Almost success everyone hour wait for.
Improve put face quality his. Visit probably source authority actually attack.
Short fact specific and recent.",comment,1725885562
16,1,deanna@example.com,100120,"Current loss TV staff kid other pretty. Above test artist.
Performance paper teacher best professional should. West live establish front including.",assignment,1725885584
17,1,deanna@example.com,100120,"Garden since point nature. Clear stand right partner. Able sister guy task statement morning least alone.
Will necessary surface mind. Computer new teach ago. Doctor lead section under.",comment,1725885619
18,1,michael@example.com,100120,Exist movement say. Study we require out. Special upon any close service federal again. Capital close market case.,comment,1725885731
19,1,deanna@example.com,100120,Read direction traditional amount security ahead interesting. Course sure identify a particular economy rate.,comment,1725885810
20,1,michael@example.com,100120,Chair imagine power end. Current class another case edge beautiful. Pattern forward unit poor party style ever account.,comment,1725885900
21,1,michael@example.com,100120,Occur cost culture budget who serious. Manage act stuff experience point final. Example performance different minute why forget half operation.,comment,1725885924
22,1,deanna@example.com,100120,"However yet glass back especially great. Social American produce heavy per state beyond.
Politics important central quality. Congress way rich contain first. Role son cell any beat.",comment,1725885997
23,1,michael@example.com,100120,Senior child job agreement us clear exist. Present everything majority trade agency director although glass.,comment,1725886045
24,1,deanna@example.com,100120,"Sport eight central. Whom grow run simple and friend program expect.
Face red during enter everyone hit. Live moment understand leader event color head capital.",comment,1725886058
25,1,michael@example.com,100120,Sport sit red rate range response skill bank. Center onto should employee decide second.,comment,1725886072
26,1,deanna@example.com,100120,Rich arm consider effect life soldier herself. Trial third teach low blood. Figure common enough toward take station place responsibility.,comment,1725886094
27,1,michael@example.com,100120,"Piece position next.
Mind force side its soon. Among much five including.",comment,1725886111
28,1,deanna@example.com,100120,"Each in exist much land able. Knowledge never rise car.
Audience concern wait network about remember. Maybe quality trade arm real off opportunity three. Enjoy their form in.",comment,1725886126
29,1,deanna@example.com,100120,"Far impact pretty but next.
Entire a personal open accept always situation. Data respond parent human condition student make short. Between arm north reveal.",close,1725886127
3,3,mary@example.com,102013,Election run myself pretty fill onto. Break employee end usually action.,open,1726167821
34,3,john@example.com,102013,"Single ability hand word. Hotel though quite force together wind worry. Wait fall hotel.
Sport war Mrs floor only worry. Identify seven speech fly dark hour.",comment,1726167823
35,3,john@example.com,102013,"Agent student art blue event nearly. Threat report artist party technology near produce. Church crime ever off.
Project learn finish wrong easy. Movie bed in whether my benefit moment.",comment,1726167823
36,3,john@example.com,102013,"Who why student. Get adult exist party financial bag want.
Pm good man sea blood. Hard range store space production son. Fight record customer front.",assignment,1726167826
37,3,john@example.com,102013,"Any between rest arm radio. Seat study almost suddenly relate.
Morning hospital near care. Garden read cultural music feeling brother someone. Congress reveal ready final radio.",comment,1726167826
38,3,deanna@example.com,102013,Leave wonder economy off little now building machine. Leader letter grow up recent.,assignment,1726167854
39,3,deanna@example.com,102013,"Health positive response before. Lawyer heavy range eight follow technology. Team authority thus general second.
Experience perform wall fear. Thank pay avoid newspaper.",comment,1726167946
40,3,deanna@example.com,102013,"Beyond although wind. Watch wait character election. Not stage else recognize.
Significant add level beyond never. Over upon want light government themselves I.",comment,1726167973
41,3,mary@example.com,102013,Help Democrat list apply. Commercial large north board involve political finally national. Do image record much forward whether car.,comment,1726167997
42,3,deanna@example.com,102013,"For edge fast song bank option woman. Seat whole stage since.
Instead mouth water by must use different. Fear unit recently cut car phone card.
Order mouth keep ten. Break election fly action after.",comment,1726168042
43,3,deanna@example.com,102013,"Song new pay. Expect picture skill type.
Receive paper throw stage sort others. Hit structure cup good coach break more. Because site affect none.",close,1726168043
44,3,john@example.com,102013,"Great act performance statement peace project result around. Myself growth some spend fish among.
Enter represent sure list create. Number brother onto election impact.",comment,1726168055
45,3,john@example.com,102013,"Market anyone key center. Bank law station film hear significant bag. Type certain usually now.
Discuss politics indicate point. Or else stock memory PM. Door more concern they indeed new growth.",conversation_rating_changed,1726168061
10,10,nicholas@example.com,102837,"Act information performance truth strong design.
Already type once upon special move all. Series crime ten poor relate century nation. Research skill door pattern dinner player answer.",open,1726447265
88,10,john@example.com,102837,Spring else worker. Fill strategy front water. Administration security should imagine budget build use.,comment,1726447266
89,10,john@example.com,102837,"State network chair. Deal degree detail.
May leader resource gun behavior conference. Lay establish into position candidate pick.
Central modern practice remember thousand. Economy growth trial.",comment,1726447266
90,10,john@example.com,102837,"Prepare also under process agreement heart those. See involve three term perform various.
Inside because soldier. Help investment sense. Guess interest level well.",comment,1726447269
91,10,deanna@example.com,102837,"Find save born treatment Democrat. Law talk not set man security which. Culture how dog reason. Blood ready range.
One its thank play. Strong too stop forward.",assignment,1726491270
92,10,deanna@example.com,102837,"Talk chance yard other. Sport positive attack lot. Song probably hope number along why participant.
Game author character describe. Case no not house.",close,1726491271
93,10,john@example.com,102837,"Quality break talk throw member imagine. Age audience cell nearly pass.
Same ball for participant behind prepare.",comment,1726491283
94,10,john@example.com,102837,"Final enough lead doctor ball health really base.
Change above hour man action. Whatever first better respond home throw should. Since eat again responsibility staff what large quite.",conversation_rating_changed,1726494839
95,10,nicholas@example.com,102837,"Together physical discussion design. Happy receive than federal join can. Onto next radio case within.
Only anyone long open. Less business member respond yes similar approach.",open,1726494982
96,10,deanna@example.com,102837,Do community side hour edge father cell. City herself management ready difficult. Spend case right family natural yet.,comment,1726495021
97,10,deanna@example.com,102837,"Range day all especially be environmental. Kind ask grow keep. Think dinner court senior year.
Suddenly night foot television. Fly take key.",close,1726495022
98,10,nicholas@example.com,102837,Consumer health present beat simply visit. Away song probably task eight treatment live service. Which unit blood.,open,1726495252
99,10,deanna@example.com,102837,Everything never issue movement health. Hair heart simply much such remain what. Total character compare box pick collection.,close,1726495262
